Workbook

Sheet Résumen OD-PRO-03
B2: Resumen OD-PRO-03
B5: Fecha | C5: N°Remito | D5: Número de Tambo | E5: Tambo | F5: Litros (Ticket) | G5: Litros (Planilla) | H5: Diferencia | I5: Temperatura | J5: Grasa | K5: Proteína
B6: 45672 | C6: 0073-00000002 | D6: 10 | E6: =+VLOOKUP(D6,'Código Tambos'!$B$2:$C$6,2,TRUE) -> Huaca Hue | F6: 8555 | G6: 8555 | H6: =+G6-F6 -> 0 | I6: 4
B7: 45673 | C7: 0073-00000004 | D7: 10 | E7: =+VLOOKUP(D7,'Código Tambos'!$B$2:$C$6,2,TRUE) -> Huaca Hue | F7: 8563 | G7: 8534 | H7: =+G7-F7 -> -29 | I7: 3.9
B8: 45674 | C8: 0073-00000005 | D8: 10 | E8: =+VLOOKUP(D8,'Código Tambos'!$B$2:$C$6,2,TRUE) -> Huaca Hue | F8: 8733 | G8: 8812 | H8: =+G8-F8 -> 79 | I8: 3.9
B9: 45675 | C9: 0073-00000006 | D9: 10 | E9: =+VLOOKUP(D9,'Código Tambos'!$B$2:$C$6,2,TRUE) -> Huaca Hue | F9: 8421 | G9: 14930 | H9: =+G9-SUM(F9:F11) -> 347 | I9: 3.9
B10: 45675 | C10: 0073-00000006 | D10: 11 | E10: =+VLOOKUP(D10,'Código Tambos'!$B$2:$C$6,2,TRUE) -> Don Enrique (Amalina) | F10: 3054 | I10: 3.9
B11: 45675 | C11: 0073-00000006 | D11: 12 | E11: =+VLOOKUP(D11,'Código Tambos'!$B$2:$C$6,2,TRUE) -> Santa Isabel | F11: 3108 | I11: 3.9
B12: 45677 | C12: 0073-00000050 | D12: 13 | E12: =+VLOOKUP(D12,'Código Tambos'!$B$2:$C$6,2,TRUE) -> Estancia Aleluya | F12: 5524 | G12: 22200 | H12: =+G12-SUM(F12:F15) -> 754 | I12: 3.5
B13: 45677 | C13: 0073-00000050 | D13: 12 | E13: =+VLOOKUP(D13,'Código Tambos'!$B$2:$C$6,2,TRUE) -> Santa Isabel | F13: 1317 | I13: 3.9
B14: 45677 | C14: 0073-00000050 | D14: 10 | E14: =+VLOOKUP(D14,'Código Tambos'!$B$2:$C$6,2,TRUE) -> Huaca Hue | F14: 9021 | I14: 3.9
B15: 45677 | C15: 0073-00000050 | D15: 11 | E15: =+VLOOKUP(D15,'Código Tambos'!$B$2:$C$6,2,TRUE) -> Don Enrique (Amalina) | F15: 5584 | I15: 3.9
B16: 45678 | C16: 0073-00000050 | D16: 13 | E16: =+VLOOKUP(D16,'Código Tambos'!$B$2:$C$6,2,TRUE) -> Estancia Aleluya | F16: 6054 | G16: 5886 | H16: =+G16-F16 -> -168 | I16: 3.9
B17: 45679 | C17: 0073-00000049 | D17: 13 | E17: =+VLOOKUP(D17,'Código Tambos'!$B$2:$C$6,2,TRUE) -> Estancia Aleluya | F17: 9407 | G17: 9460 | H17: =+G17-F17 -> 53 | I17: 3.9
B18: 45680 | C18: 0073-00000048 | D18: 11 | E18: =+VLOOKUP(D18,'Código Tambos'!$B$2:$C$6,2,TRUE) -> Don Enrique (Amalina) | F18: 1075 | G18: 17480 | H18: =+G18-SUM(F18:F21) -> -375 | I18: 3.9
B19: 45680 | C19: 0073-00000048 | D19: 10 | E19: =+VLOOKUP(D19,'Código Tambos'!$B$2:$C$6,2,TRUE) -> Huaca Hue | F19: 4577 | I19: 3.9
B20: 45680 | C20: 0073-00000048 | D20: 12 | E20: =+VLOOKUP(D20,'Código Tambos'!$B$2:$C$6,2,TRUE) -> Santa Isabel | F20: 2772 | I20: 3.9
B21: 45680 | C21: 0073-00000048 | D21: 13 | E21: =+VLOOKUP(D21,'Código Tambos'!$B$2:$C$6,2,TRUE) -> Estancia Aleluya | F21: 9431 | I21: 3.9
B22: 45681 | C22: 0073-00000007 | D22: 13 | E22: =+VLOOKUP(D22,'Código Tambos'!$B$2:$C$6,2,TRUE) -> Estancia Aleluya | F22: 9618 | G22: 9966 | H22: =+G22-F22 -> 348 | I22: 3.9
B23: 45683 | C23: 0073-00000008 | D23: 11 | E23: =+VLOOKUP(D23,'Código Tambos'!$B$2:$C$6,2,TRUE) -> Don Enrique (Amalina) | F23: 5135 | G23: 29312 | H23: =+G23-SUM(F23:F25) -> 746 | I23: 3.9
B24: 45683 | C24: 0073-00000008 | D24: 10 | E24: =+VLOOKUP(D24,'Código Tambos'!$B$2:$C$6,2,TRUE) -> Huaca Hue | F24: 13440 | I24: 3.9
B25: 45683 | C25: 0073-00000008 | D25: 13 | E25: =+VLOOKUP(D25,'Código Tambos'!$B$2:$C$6,2,TRUE) -> Estancia Aleluya | F25: 9991 | I25: 9
B26: 45683 | C26: 0073-00000008 | D26: 12 | E26: =+VLOOKUP(D26,'Código Tambos'!$B$2:$C$6,2,TRUE) -> Santa Isabel | F26: 2629 | G26: 2662 | H26: =+G26-F26 -> 33 | I26: 3.9
B27: 45684 | C27: 0073-00000010 | D27: 11 | E27: =+VLOOKUP(D27,'Código Tambos'!$B$2:$C$6,2,TRUE) -> Don Enrique (Amalina) | F27: 5054 | G27: 27124 | H27: =+G27-SUM(F27:F30) -> 170 | I27: 3.9
B28: 45684 | C28: 0073-00000010 | D28: 10 | E28: =+VLOOKUP(D28,'Código Tambos'!$B$2:$C$6,2,TRUE) -> Huaca Hue | F28: 8834 | I28: 3.9
B29: 45684 | C29: 0073-00000010 | D29: 12 | E29: =+VLOOKUP(D29,'Código Tambos'!$B$2:$C$6,2,TRUE) -> Santa Isabel | F29: 2716 | I29: 3.9
B30: 45684 | C30: 0073-00000010 | D30: 13 | E30: =+VLOOKUP(D30,'Código Tambos'!$B$2:$C$6,2,TRUE) -> Estancia Aleluya | F30: 10350 | I30: 3.9
B31: 45685 | C31: 0073-00000011 | D31: 11 | E31: =+VLOOKUP(D31,'Código Tambos'!$B$2:$C$6,2,TRUE) -> Don Enrique (Amalina) | F31: 8560 | G31: 27962 | H31: =+G31-SUM(F31:F34) -> 422 | I31: 1.8
B32: 45685 | C32: 0073-00000011 | D32: 10 | E32: =+VLOOKUP(D32,'Código Tambos'!$B$2:$C$6,2,TRUE) -> Huaca Hue | F32: 8710 | I32: 4
B33: 45685 | C33: 0073-00000011 | D33: 12 | E33: =+VLOOKUP(D33,'Código Tambos'!$B$2:$C$6,2,TRUE) -> Santa Isabel | F33: 2586 | I33: 4
B34: 45685 | C34: 0073-00000011 | D34: 13 | E34: =+VLOOKUP(D34,'Código Tambos'!$B$2:$C$6,2,TRUE) -> Estancia Aleluya | F34: 7684 | I34: 4
B35: 45686 | C35: 0073-00000048 | D35: 11 | E35: =+VLOOKUP(D35,'Código Tambos'!$B$2:$C$6,2,TRUE) -> Don Enrique (Amalina) | F35: 5119 | G35: 29124 | H35: =+G35-SUM(F35:F38) -> 775 | I35: 2
B36: 45686 | C36: 0073-00000048 | D36: 10 | E36: =+VLOOKUP(D36,'Código Tambos'!$B$2:$C$6,2,TRUE) -> Huaca Hue | F36: 8599 | I36: 4
B37: 45686 | C37: 0073-00000048 | D37: 12 | E37: =+VLOOKUP(D37,'Código Tambos'!$B$2:$C$6,2,TRUE) -> Santa Isabel | F37: 2490 | I37: 3.6
B38: 45686 | C38: 0073-00000048 | D38: 13 | E38: =+VLOOKUP(D38,'Código Tambos'!$B$2:$C$6,2,TRUE) -> Estancia Aleluya | F38: 12141 | I38: 5
B39: 45687 | C39: 0073-00000013 | D39: 12 | E39: =+IF(D39>0,VLOOKUP(D39,'Código Tambos'!$B$2:$C$6,2,TRUE),0) -> Santa Isabel | F39: 2586 | G39: 2906 | H39: =+G39-F39 -> 320 | I39: 3.9
B40: 45689 | C40: 0073-00000009 | D40: 11 | E40: =+IF(D40>0,VLOOKUP(D40,'Código Tambos'!$B$2:$C$6,2,TRUE),0) -> Don Enrique (Amalina) | F40: 6142 | G40: 15849 | H40: =+G40-SUM(F40:F41) -> 380 | I40: 3.9
B41: 45689 | C41: 0073-00000009 | D41: 10 | E41: =+IF(D41>0,VLOOKUP(D41,'Código Tambos'!$B$2:$C$6,2,TRUE),0) -> Huaca Hue | F41: 9327 | I41: 4.3
B42: 45690 | C42: 0073-00000014 | D42: 11 | E42: =+IF(D42>0,VLOOKUP(D42,'Código Tambos'!$B$2:$C$6,2,TRUE),0) -> Don Enrique (Amalina) | F42: 8995 | G42: 18316 | H42: =+G42-SUM(F42:F43) -> 625 | I42: 3.5
B43: 45690 | C43: 0073-00000014 | D43: 10 | E43: =+IF(D43>0,VLOOKUP(D43,'Código Tambos'!$B$2:$C$6,2,TRUE),0) -> Huaca Hue | F43: 8696 | I43: 4
B44: 45692 | C44: 0073-00000024 | D44: 11 | E44: =+IF(D44>0,VLOOKUP(D44,'Código Tambos'!$B$2:$C$6,2,TRUE),0) -> Don Enrique (Amalina) | F44: 6379 | G44: 15288 | H44: =+G44-SUM(F44:F45) -> 445 | I44: 3.9
B45: 45692 | C45: 0073-00000024 | D45: 10 | E45: =+IF(D45>0,VLOOKUP(D45,'Código Tambos'!$B$2:$C$6,2,TRUE),0) -> Huaca Hue | F45: 8464 | I45: 3.9
B46: 45693 | C46: 0073-00000013 | D46: 11 | E46: =+IF(D46>0,VLOOKUP(D46,'Código Tambos'!$B$2:$C$6,2,TRUE),0) -> Don Enrique (Amalina) | F46: 6545 | G46: 15562 | H46: =+G46-SUM(F46:F47) -> 369 | I46: 3.9
B47: 45693 | C47: 0073-00000013 | D47: 10 | E47: =+IF(D47>0,VLOOKUP(D47,'Código Tambos'!$B$2:$C$6,2,TRUE),0) -> Huaca Hue | F47: 8648 | I47: 3.9
B48: 45694 | C48: 0073-00000014 | D48: 11 | E48: =+IF(D48>0,VLOOKUP(D48,'Código Tambos'!$B$2:$C$6,2,TRUE),0) -> Don Enrique (Amalina) | F48: 6043 | G48: 15432 | H48: =+G48-SUM(F48:F49) -> 775 | I48: 4
B49: 45694 | C49: 0073-00000014 | D49: 10 | E49: =+IF(D49>0,VLOOKUP(D49,'Código Tambos'!$B$2:$C$6,2,TRUE),0) -> Huaca Hue | F49: 8614 | I49: 4.1
B50: 45697 | C50: 0073-00000015 | D50: 12 | E50: =+IF(D50>0,VLOOKUP(D50,'Código Tambos'!$B$2:$C$6,2,TRUE),0) -> Santa Isabel | F50: 6490 | G50: 24560 | H50: =+G50-SUM(F50:F52) -> -377 | I50: 1.8
B51: 45697 | C51: 0073-00000015 | D51: 10 | E51: =+IF(D51>0,VLOOKUP(D51,'Código Tambos'!$B$2:$C$6,2,TRUE),0) -> Huaca Hue | F51: 8473 | I51: 4.1
B52: 45697 | C52: 0073-00000015 | D52: 13 | E52: =+IF(D52>0,VLOOKUP(D52,'Código Tambos'!$B$2:$C$6,2,TRUE),0) -> Estancia Aleluya | F52: 9974 | I52: 4.9
B53: 45698 | C53: 0073-00000047 | D53: 11 | E53: =+IF(D53>0,VLOOKUP(D53,'Código Tambos'!$B$2:$C$6,2,TRUE),0) -> Don Enrique (Amalina) | F53: 8960 | G53: 26680 | H53: =+G53-SUM(F53:F55) -> -380 | I53: 3
B54: 45698 | C54: 0073-00000047 | D54: 10 | E54: =+IF(D54>0,VLOOKUP(D54,'Código Tambos'!$B$2:$C$6,2,TRUE),0) -> Huaca Hue | F54: 8519 | I54: 4.1
B55: 45698 | C55: 0073-00000047 | D55: 13 | E55: =+IF(D55>0,VLOOKUP(D55,'Código Tambos'!$B$2:$C$6,2,TRUE),0) -> Estancia Aleluya | F55: 9581 | I55: 5.5
B56: 45699 | C56: 0073-00000046 | D56: 11 | E56: =+IF(D56>0,VLOOKUP(D56,'Código Tambos'!$B$2:$C$6,2,TRUE),0) -> Don Enrique (Amalina) | F56: 6672 | G56: 24368 | H56: =+G56-SUM(F56:F58) -> -401 | I56: 3
B57: 45699 | C57: 0073-00000046 | D57: 10 | E57: =+IF(D57>0,VLOOKUP(D57,'Código Tambos'!$B$2:$C$6,2,TRUE),0) -> Huaca Hue | F57: 8409 | I57: 4
B58: 45699 | C58: 0073-00000046 | D58: 13 | E58: =+IF(D58>0,VLOOKUP(D58,'Código Tambos'!$B$2:$C$6,2,TRUE),0) -> Estancia Aleluya | F58: 9688 | I58: 5
B59: 45700 | C59: 0073-00000017 | D59: 11 | E59: =+IF(D59>0,VLOOKUP(D59,'Código Tambos'!$B$2:$C$6,2,TRUE),0) -> Don Enrique (Amalina) | F59: 6591 | G59: 23977 | H59: =+G59-SUM(F59:F61) -> -249 | I59: 2
B60: 45700 | C60: 0073-00000017 | D60: 10 | E60: =+IF(D60>0,VLOOKUP(D60,'Código Tambos'!$B$2:$C$6,2,TRUE),0) -> Huaca Hue | F60: 8083 | I60: 4.2
B61: 45700 | C61: 0073-00000017 | D61: 13 | E61: =+IF(D61>0,VLOOKUP(D61,'Código Tambos'!$B$2:$C$6,2,TRUE),0) -> Estancia Aleluya | F61: 9552 | I61: 3
B62: 45701 | C62: 0073-000000XX | D62: 11 | E62: =+IF(D62>0,VLOOKUP(D62,'Código Tambos'!$B$2:$C$6,2,TRUE),0) -> Don Enrique (Amalina) | F62: 6300 | G62: 24484 | H62: =+G62-SUM(F62:F64) -> -135 | I62: 2
B63: 45701 | C63: 0073-000000XX | D63: 10 | E63: =+IF(D63>0,VLOOKUP(D63,'Código Tambos'!$B$2:$C$6,2,TRUE),0) -> Huaca Hue | F63: 8890 | I63: 4
B64: 45701 | C64: 0073-000000XX | D64: 13 | E64: =+IF(D64>0,VLOOKUP(D64,'Código Tambos'!$B$2:$C$6,2,TRUE),0) -> Estancia Aleluya | F64: 9429 | I64: 3
B65: 45704 | C65: 0073-00000016 | D65: 11 | E65: =+IF(D65>0,VLOOKUP(D65,'Código Tambos'!$B$2:$C$6,2,TRUE),0) -> Don Enrique (Amalina) | F65: 6533 | G65: 24578 | H65: =+G65-SUM(F65:F67) -> -274 | I65: 1.3
B66: 45704 | C66: 0073-00000016 | D66: 10 | E66: =+IF(D66>0,VLOOKUP(D66,'Código Tambos'!$B$2:$C$6,2,TRUE),0) -> Huaca Hue | F66: 9063 | I66: 4.1
B67: 45704 | C67: 0073-00000016 | D67: 13 | E67: =+IF(D67>0,VLOOKUP(D67,'Código Tambos'!$B$2:$C$6,2,TRUE),0) -> Estancia Aleluya | F67: 9256 | I67: 4.3
B68: 45705 | C68: 0073-00000015 | D68: 11 | E68: =+IF(D68>0,VLOOKUP(D68,'Código Tambos'!$B$2:$C$6,2,TRUE),0) -> Don Enrique (Amalina) | F68: 9473 | G68: 28007 | H68: =+G68-SUM(F68:F70) -> 0 | I68: 2.6
B69: 45705 | C69: 0073-00000015 | D69: 10 | E69: =+IF(D69>0,VLOOKUP(D69,'Código Tambos'!$B$2:$C$6,2,TRUE),0) -> Huaca Hue | F69: 9273 | I69: 4.1
B70: 45705 | C70: 0073-00000015 | D70: 13 | E70: =+IF(D70>0,VLOOKUP(D70,'Código Tambos'!$B$2:$C$6,2,TRUE),0) -> Estancia Aleluya | F70: 9261 | I70: 4.3
B71: 45706 | C71: 0073-00000016 | D71: 11 | E71: =+IF(D71>0,VLOOKUP(D71,'Código Tambos'!$B$2:$C$6,2,TRUE),0) -> Don Enrique (Amalina) | F71: 6489 | G71: 23044 | H71: =+G71-SUM(F71:F73) -> -1897 | I71: 1.5
B72: 45706 | C72: 0073-00000016 | D72: 10 | E72: =+IF(D72>0,VLOOKUP(D72,'Código Tambos'!$B$2:$C$6,2,TRUE),0) -> Huaca Hue | F72: 8873 | I72: 4
B73: 45706 | C73: 0073-00000016 | D73: 13 | E73: =+IF(D73>0,VLOOKUP(D73,'Código Tambos'!$B$2:$C$6,2,TRUE),0) -> Estancia Aleluya | F73: 9579
B74: 45707 | C74: 0073-0000017 | D74: 11 | E74: =+IF(D74>0,VLOOKUP(D74,'Código Tambos'!$B$2:$C$6,2,TRUE),0) -> Don Enrique (Amalina) | F74: 6569 | G74: 24982 | H74: =+G74-SUM(F74:F76) -> -360 | I74: 2
B75: 45707 | C75: 0073-0000017 | D75: 10 | E75: =+IF(D75>0,VLOOKUP(D75,'Código Tambos'!$B$2:$C$6,2,TRUE),0) -> Huaca Hue | F75: 9189 | I75: 4
B76: 45707 | C76: 0073-0000017 | D76: 13 | E76: =+IF(D76>0,VLOOKUP(D76,'Código Tambos'!$B$2:$C$6,2,TRUE),0) -> Estancia Aleluya | F76: 9584 | I76: 4.3
B77: 45712 | C77: 0073-00000045 | D77: 11 | E77: =+IF(D77>0,VLOOKUP(D77,'Código Tambos'!$B$2:$C$6,2,TRUE),0) -> Don Enrique (Amalina) | F77: 9013 | G77: 23058 | H77: =+G77-SUM(F77:F79) -> -456 | I77: 3.9
B78: 45712 | C78: 0073-00000045 | D78: 10 | E78: =+IF(D78>0,VLOOKUP(D78,'Código Tambos'!$B$2:$C$6,2,TRUE),0) -> Huaca Hue | F78: 4503 | I78: 3.9
B79: 45712 | C79: 0073-00000045 | D79: 13 | E79: =+IF(D79>0,VLOOKUP(D79,'Código Tambos'!$B$2:$C$6,2,TRUE),0) -> Estancia Aleluya | F79: 9998 | I79: 4.5
B80: 45713 | C80: 0073-00000044 | D80: 11 | E80: =+IF(D80>0,VLOOKUP(D80,'Código Tambos'!$B$2:$C$6,2,TRUE),0) -> Don Enrique (Amalina) | F80: 8999 | G80: 27704 | H80: =+G80-SUM(F80:F82) -> -391
B81: 45713 | C81: 0073-00000044 | D81: 10 | E81: =+IF(D81>0,VLOOKUP(D81,'Código Tambos'!$B$2:$C$6,2,TRUE),0) -> Huaca Hue | F81: 9901 | I81: 4.4
B82: 45713 | C82: 0073-0000044 | D82: 13 | E82: =+IF(D82>0,VLOOKUP(D82,'Código Tambos'!$B$2:$C$6,2,TRUE),0) -> Estancia Aleluya | F82: 9195 | I82: 4
B83: 45714 | C83: 0073-00000043 | D83: 11 | E83: =+IF(D83>0,VLOOKUP(D83,'Código Tambos'!$B$2:$C$6,2,TRUE),0) -> Don Enrique (Amalina) | F83: 6916 | G83: 23594 | H83: =+G83-SUM(F83:F85) -> -381 | I83: 2.2
B84: 45714 | C84: 0073-00000043 | D84: 10 | E84: =+IF(D84>0,VLOOKUP(D84,'Código Tambos'!$B$2:$C$6,2,TRUE),0) -> Huaca Hue | F84: 8403 | I84: 4.4
B85: 45714 | C85: 0073-00000043 | D85: 13 | E85: =+IF(D85>0,VLOOKUP(D85,'Código Tambos'!$B$2:$C$6,2,TRUE),0) -> Estancia Aleluya | F85: 8656 | I85: 3.1
B86: 45715 | C86: 0073-00000044 | D86: 11 | E86: =+IF(D86>0,VLOOKUP(D86,'Código Tambos'!$B$2:$C$6,2,TRUE),0) -> Don Enrique (Amalina) | F86: 6524 | G86: 23640 | H86: =+G86-SUM(F86:F88) -> -378 | I86: 4
B87: 45715 | C87: 0073-00000044 | D87: 10 | E87: =+IF(D87>0,VLOOKUP(D87,'Código Tambos'!$B$2:$C$6,2,TRUE),0) -> Huaca Hue | F87: 8606 | I87: 5
B88: 45715 | C88: 0073-00000044 | D88: 13 | E88: =+IF(D88>0,VLOOKUP(D88,'Código Tambos'!$B$2:$C$6,2,TRUE),0) -> Estancia Aleluya | F88: 8888 | I88: 5
B89: 45720 | C89: 0073-00000047 | D89: 11 | E89: =+IF(D89>0,VLOOKUP(D89,'Código Tambos'!$B$2:$C$6,2,TRUE),0) -> Don Enrique (Amalina) | F89: 7109 | G89: 25206 | H89: =+G89-SUM(F89:F91) -> -61 | I89: N/A
B90: 45720 | C90: 0073-00000047 | D90: 10 | E90: =+IF(D90>0,VLOOKUP(D90,'Código Tambos'!$B$2:$C$6,2,TRUE),0) -> Huaca Hue | F90: 9106 | I90: N/A
B91: 45720 | C91: 0073-00000047 | D91: 13 | E91: =+IF(D91>0,VLOOKUP(D91,'Código Tambos'!$B$2:$C$6,2,TRUE),0) -> Estancia Aleluya | F91: 9052 | I91: N/A
B92: 45721 | C92: 0073-00000020 | D92: 11 | E92: =+IF(D92>0,VLOOKUP(D92,'Código Tambos'!$B$2:$C$6,2,TRUE),0) -> Don Enrique (Amalina) | F92: 6976 | G92: 24428 | H92: =+G92-SUM(F92:F94) -> -434 | I92: 5
B93: 45721 | C93: 0073-00000020 | D93: 10 | E93: =+IF(D93>0,VLOOKUP(D93,'Código Tambos'!$B$2:$C$6,2,TRUE),0) -> Huaca Hue | F93: 9196 | I93: 3
B94: 45721 | C94: 0073-00000020 | D94: 13 | E94: =+IF(D94>0,VLOOKUP(D94,'Código Tambos'!$B$2:$C$6,2,TRUE),0) -> Estancia Aleluya | F94: 8690 | I94: 4
B95: 45722 | C95: 0073-00000023 | D95: 11 | E95: =+IF(D95>0,VLOOKUP(D95,'Código Tambos'!$B$2:$C$6,2,TRUE),0) -> Don Enrique (Amalina) | F95: 6754 | G95: 23614 | H95: =+G95-SUM(F95:F97) -> -420 | I95: 5
B96: 45722 | C96: 0073-00000023 | D96: 10 | E96: =+IF(D96>0,VLOOKUP(D96,'Código Tambos'!$B$2:$C$6,2,TRUE),0) -> Huaca Hue | F96: 8702 | I96: 4
B97: 45722 | C97: 0073-00000023 | D97: 13 | E97: =+IF(D97>0,VLOOKUP(D97,'Código Tambos'!$B$2:$C$6,2,TRUE),0) -> Estancia Aleluya | F97: 8578 | I97: 4.5
B98: 45725 | C98: 0073-00000020 | D98: 11 | E98: =+IF(D98>0,VLOOKUP(D98,'Código Tambos'!$B$2:$C$6,2,TRUE),0) -> Don Enrique (Amalina) | F98: 6591 | G98: 23053 | H98: =+G98-SUM(F98:F100) -> -205 | I98: 3.4
B99: 45725 | C99: 0073-00000020 | D99: 10 | E99: =+IF(D99>0,VLOOKUP(D99,'Código Tambos'!$B$2:$C$6,2,TRUE),0) -> Huaca Hue | F99: 8753 | I99: 3.2
B100: 45725 | C100: 0073-00000020 | D100: 13 | E100: =+IF(D100>0,VLOOKUP(D100,'Código Tambos'!$B$2:$C$6,2,TRUE),0) -> Estancia Aleluya | F100: 7914 | I100: 3.5
B101: 45726 | C101: 0073-00000030 | D101: 11 | E101: =+IF(D101>0,VLOOKUP(D101,'Código Tambos'!$B$2:$C$6,2,TRUE),0) -> Don Enrique (Amalina) | F101: 9425 | G101: 25330 | H101: =+G101-SUM(F101:F103) -> -418 | I101: 4
B102: 45726 | C102: 0073-00000030 | D102: 10 | E102: =+IF(D102>0,VLOOKUP(D102,'Código Tambos'!$B$2:$C$6,2,TRUE),0) -> Huaca Hue | F102: 8250 | I102: 3
B103: 45726 | C103: 0073-00000030 | D103: 13 | E103: =+IF(D103>0,VLOOKUP(D103,'Código Tambos'!$B$2:$C$6,2,TRUE),0) -> Estancia Aleluya | F103: 8073 | I103: 3
...

Sheet Código Tambos
A2: Codigo Viejo | B2: Código | C2: Tambo
A3: 1 | B3: 10 | C3: Huaca Hue
A4: 2 | B4: 11 | C4: Don Enrique (Amalina)
A5: 3 | B5: 12 | C5: Santa Isabel
A6: 4 | B6: 13 | C6: Estancia Aleluya
B7: 16-1 | C7: Larregain Hnos (TLR)
B8: 16-2 | C8: Larregain Hnos (TLR)
B9: 21 | C9: Brivio Eduardo (TBR)
B10: 23 | C10: La Victoria
B11: 17 | C11: Raycle S.A.
B12: 22 | C12: Trueba Roberto
B13: 25 | C13: Viejo Ceibo
